state_fips,state_abbr,state_name,census_region,census_division,is_state,is_dc
01,AL,Alabama,South,East South Central,true,false
02,AK,Alaska,West,Pacific,true,false
04,AZ,Arizona,West,Mountain,true,false
05,AR,Arkansas,South,West South Central,true,false
06,CA,California,West,Pacific,true,false
08,CO,Colorado,West,Mountain,true,false
09,CT,Connecticut,Northeast,New England,true,false
10,DE,Delaware,South,South Atlantic,true,false
11,DC,District of Columbia,South,South Atlantic,false,true
12,FL,Florida,South,South Atlantic,true,false
13,GA,Georgia,South,South Atlantic,true,false
15,HI,Hawaii,West,Pacific,true,false
16,ID,Idaho,West,Mountain,true,false
17,IL,Illinois,Midwest,East North Central,true,false
18,IN,Indiana,Midwest,East North Central,true,false
19,IA,Iowa,Midwest,West North Central,true,false
20,KS,Kansas,Midwest,West North Central,true,false
21,KY,Kentucky,South,East South Central,true,false
22,LA,Louisiana,South,West South Central,true,false
23,ME,Maine,Northeast,New England,true,false
24,MD,Maryland,South,South Atlantic,true,false
25,MA,Massachusetts,Northeast,New England,true,false
26,MI,Michigan,Midwest,East North Central,true,false
27,MN,Minnesota,Midwest,West North Central,true,false
28,MS,Mississippi,South,East South Central,true,false
29,MO,Missouri,Midwest,West North Central,true,false
30,MT,Montana,West,Mountain,true,false
31,NE,Nebraska,Midwest,West North Central,true,false
32,NV,Nevada,West,Mountain,true,false
33,NH,New Hampshire,Northeast,New England,true,false
34,NJ,New Jersey,Northeast,Middle Atlantic,true,false
35,NM,New Mexico,West,Mountain,true,false
36,NY,New York,Northeast,Middle Atlantic,true,false
37,NC,North Carolina,South,South Atlantic,true,false
38,ND,North Dakota,Midwest,West North Central,true,false
39,OH,Ohio,Midwest,East North Central,true,false
40,OK,Oklahoma,South,West South Central,true,false
41,OR,Oregon,West,Pacific,true,false
42,PA,Pennsylvania,Northeast,Middle Atlantic,true,false
44,RI,Rhode Island,Northeast,New England,true,false
45,SC,South Carolina,South,South Atlantic,true,false
46,SD,South Dakota,Midwest,West North Central,true,false
47,TN,Tennessee,South,East South Central,true,false
48,TX,Texas,South,West South Central,true,false
49,UT,Utah,West,Mountain,true,false
50,VT,Vermont,Northeast,New England,true,false
51,VA,Virginia,South,South Atlantic,true,false
53,WA,Washington,West,Pacific,true,false
54,WV,West Virginia,South,South Atlantic,true,false
55,WI,Wisconsin,Midwest,East North Central,true,false
56,WY,Wyoming,West,Mountain,true,false
