state_fips,state_abbr,state_name,series_id,measure_name,seasonal_adjustment
01,AL,Alabama,LASST010000000000003,unemployment_rate,seasonally_adjusted
02,AK,Alaska,LASST020000000000003,unemployment_rate,seasonally_adjusted
04,AZ,Arizona,LASST040000000000003,unemployment_rate,seasonally_adjusted
05,AR,Arkansas,LASST050000000000003,unemployment_rate,seasonally_adjusted
06,CA,California,LASST060000000000003,unemployment_rate,seasonally_adjusted
08,CO,Colorado,LASST080000000000003,unemployment_rate,seasonally_adjusted
09,CT,Connecticut,LASST090000000000003,unemployment_rate,seasonally_adjusted
10,DE,Delaware,LASST100000000000003,unemployment_rate,seasonally_adjusted
11,DC,District of Columbia,LASST110000000000003,unemployment_rate,seasonally_adjusted
12,FL,Florida,LASST120000000000003,unemployment_rate,seasonally_adjusted
13,GA,Georgia,LASST130000000000003,unemployment_rate,seasonally_adjusted
15,HI,Hawaii,LASST150000000000003,unemployment_rate,seasonally_adjusted
16,ID,Idaho,LASST160000000000003,unemployment_rate,seasonally_adjusted
17,IL,Illinois,LASST170000000000003,unemployment_rate,seasonally_adjusted
18,IN,Indiana,LASST180000000000003,unemployment_rate,seasonally_adjusted
19,IA,Iowa,LASST190000000000003,unemployment_rate,seasonally_adjusted
20,KS,Kansas,LASST200000000000003,unemployment_rate,seasonally_adjusted
21,KY,Kentucky,LASST210000000000003,unemployment_rate,seasonally_adjusted
22,LA,Louisiana,LASST220000000000003,unemployment_rate,seasonally_adjusted
23,ME,Maine,LASST230000000000003,unemployment_rate,seasonally_adjusted
24,MD,Maryland,LASST240000000000003,unemployment_rate,seasonally_adjusted
25,MA,Massachusetts,LASST250000000000003,unemployment_rate,seasonally_adjusted
26,MI,Michigan,LASST260000000000003,unemployment_rate,seasonally_adjusted
27,MN,Minnesota,LASST270000000000003,unemployment_rate,seasonally_adjusted
28,MS,Mississippi,LASST280000000000003,unemployment_rate,seasonally_adjusted
29,MO,Missouri,LASST290000000000003,unemployment_rate,seasonally_adjusted
30,MT,Montana,LASST300000000000003,unemployment_rate,seasonally_adjusted
31,NE,Nebraska,LASST310000000000003,unemployment_rate,seasonally_adjusted
32,NV,Nevada,LASST320000000000003,unemployment_rate,seasonally_adjusted
33,NH,New Hampshire,LASST330000000000003,unemployment_rate,seasonally_adjusted
34,NJ,New Jersey,LASST340000000000003,unemployment_rate,seasonally_adjusted
35,NM,New Mexico,LASST350000000000003,unemployment_rate,seasonally_adjusted
36,NY,New York,LASST360000000000003,unemployment_rate,seasonally_adjusted
37,NC,North Carolina,LASST370000000000003,unemployment_rate,seasonally_adjusted
38,ND,North Dakota,LASST380000000000003,unemployment_rate,seasonally_adjusted
39,OH,Ohio,LASST390000000000003,unemployment_rate,seasonally_adjusted
40,OK,Oklahoma,LASST400000000000003,unemployment_rate,seasonally_adjusted
41,OR,Oregon,LASST410000000000003,unemployment_rate,seasonally_adjusted
42,PA,Pennsylvania,LASST420000000000003,unemployment_rate,seasonally_adjusted
44,RI,Rhode Island,LASST440000000000003,unemployment_rate,seasonally_adjusted
45,SC,South Carolina,LASST450000000000003,unemployment_rate,seasonally_adjusted
46,SD,South Dakota,LASST460000000000003,unemployment_rate,seasonally_adjusted
47,TN,Tennessee,LASST470000000000003,unemployment_rate,seasonally_adjusted
48,TX,Texas,LASST480000000000003,unemployment_rate,seasonally_adjusted
49,UT,Utah,LASST490000000000003,unemployment_rate,seasonally_adjusted
50,VT,Vermont,LASST500000000000003,unemployment_rate,seasonally_adjusted
51,VA,Virginia,LASST510000000000003,unemployment_rate,seasonally_adjusted
53,WA,Washington,LASST530000000000003,unemployment_rate,seasonally_adjusted
54,WV,West Virginia,LASST540000000000003,unemployment_rate,seasonally_adjusted
55,WI,Wisconsin,LASST550000000000003,unemployment_rate,seasonally_adjusted
56,WY,Wyoming,LASST560000000000003,unemployment_rate,seasonally_adjusted
